{
  "timestamp": "2025-12-18T14:13:41.491672",
  "checkpoint": "./checkpoints/stage2_best_lora.pth",
  "dataset": "test",
  "num_videos": 10,
  "metrics": {
    "APi": 0.6276318430900574,
    "APv": 0.6558204293251038,
    "APt": 0.4272196888923645,
    "APiv": 0.5241440534591675,
    "APit": 0.3981301188468933,
    "APivt": 0.41231077909469604
  }
}